time_stats.attn_prefill.min,time_stats.attn_prefill.max,time_stats.attn_prefill.mean,time_stats.attn_prefill.median,time_stats.attn_prefill.std,time_stats.attn_decode.min,time_stats.attn_decode.max,time_stats.attn_decode.mean,time_stats.attn_decode.median,time_stats.attn_decode.std,n_embd,n_q_head,n_kv_head,num_tensor_parallel_workers,max_model_len,batch_size,prefill_chunk_size,kv_cache_size,is_prefill,attention_backend
0.11686400324106216,0.1664000004529953,0.14333440139889717,0.14556800574064255,0.016808324771130565,,,,,,16384,128,8,8,131072,1,512,0,True,FLASH_ATTENTION
0.11228799819946289,0.15513600409030914,0.12388480007648468,0.11903999745845795,0.012268403995972099,,,,,,16384,128,8,8,131072,1,768,0,True,FLASH_ATTENTION
0.1096000000834465,0.15744000673294067,0.12135360017418861,0.115727998316288,0.013332594572173893,,,,,,16384,128,8,8,131072,1,1024,0,True,FLASH_ATTENTION
0.1215360015630722,0.1735360026359558,0.13680000007152557,0.13196799904108047,0.015060473779820097,,,,,,16384,128,8,8,131072,1,1536,0,True,FLASH_ATTENTION
0.12611199915409088,0.1900479942560196,0.14072319865226746,0.13441599905490875,0.01779681139828787,,,,,,16384,128,8,8,131072,1,2048,0,True,FLASH_ATTENTION
0.21648000180721283,0.31305599212646484,0.2268575981259346,0.21727999299764633,0.02873944029214777,,,,,,16384,128,8,8,131072,1,3072,0,True,FLASH_ATTENTION
0.36156800389289856,0.4631040096282959,0.373580801486969,0.3633760064840317,0.029953192805625254,,,,,,16384,128,8,8,131072,1,4096,0,True,FLASH_ATTENTION
0.7982720136642456,0.9113280177116394,0.810969603061676,0.799487978219986,0.03347776750862526,,,,,,16384,128,8,8,131072,1,6144,0,True,FLASH_ATTENTION
1.4041919708251953,1.5240319967269897,1.4170655965805055,1.4050880074501038,0.035662652839065306,,,,,,16384,128,8,8,131072,1,8192,0,True,FLASH_ATTENTION
3.1287999153137207,3.3476479053497314,3.1516639471054075,3.130095958709717,0.06533133712902674,,,,,,16384,128,8,8,131072,1,12288,0,True,FLASH_ATTENTION
5.5344319343566895,5.736127853393555,5.56525444984436,5.535952091217041,0.0597358505860031,,,,,,16384,128,8,8,131072,1,16384,0,True,FLASH_ATTENTION
12.49788761138916,12.836544036865234,12.533161544799805,12.499264240264893,0.1011334202673,,,,,,16384,128,8,8,131072,1,24576,0,True,FLASH_ATTENTION
22.167648315429688,22.713375091552734,22.34078712463379,22.355183601379395,0.14323652656234342,,,,,,16384,128,8,8,131072,1,32768,0,True,FLASH_ATTENTION
47.02985763549805,50.29340744018555,47.95694427490234,47.50724792480469,0.9677957624836799,,,,,,16384,128,8,8,131072,1,48000,0,True,FLASH_ATTENTION
88.17552185058594,91.37619018554688,89.33382034301758,88.94575881958008,1.0689675120540074,,,,,,16384,128,8,8,131072,1,65536,0,True,FLASH_ATTENTION
130.90264892578125,132.8359375,132.03704986572265,132.2816925048828,0.6728837626829473,,,,,,16384,128,8,8,131072,1,80000,0,True,FLASH_ATTENTION
189.51260375976562,190.84169006347656,190.32020721435546,190.35147094726562,0.43585402577872495,,,,,,16384,128,8,8,131072,1,96000,0,True,FLASH_ATTENTION
205.65724182128906,208.71507263183594,207.12093200683594,207.17601776123047,0.9616237865662878,,,,,,16384,128,8,8,131072,1,100000,0,True,FLASH_ATTENTION
354.7104187011719,358.9482421875,356.88718566894534,357.0719757080078,1.325479671189914,,,,,,16384,128,8,8,131072,1,131072,0,True,FLASH_ATTENTION
,,,,,0.1335040032863617,0.18486399948596954,0.1519328013062477,0.1502080038189888,0.015255271590916853,16384,128,8,8,131072,1,0,512,False,FLASH_ATTENTION
,,,,,0.13420799374580383,0.21084800362586975,0.15318400114774705,0.1459360048174858,0.022652768902137972,16384,128,8,8,131072,2,0,512,False,FLASH_ATTENTION
,,,,,0.12223999947309494,0.16662399470806122,0.13367679938673974,0.1292480006814003,0.012001194511775162,16384,128,8,8,131072,4,0,512,False,FLASH_ATTENTION
,,,,,0.12297599762678146,0.18396799266338348,0.14413439854979515,0.14239999651908875,0.0160555099509182,16384,128,8,8,131072,8,0,512,False,FLASH_ATTENTION
,,,,,0.12150400131940842,0.14511999487876892,0.12987839803099632,0.12595200166106224,0.008667510188626455,16384,128,8,8,131072,16,0,512,False,FLASH_ATTENTION
,,,,,0.12089599668979645,0.1586879938840866,0.13098239824175834,0.12750399857759476,0.011373761398399834,16384,128,8,8,131072,32,0,512,False,FLASH_ATTENTION
,,,,,0.122079998254776,0.15564799308776855,0.13253119736909866,0.1284799948334694,0.009430493449425769,16384,128,8,8,131072,64,0,512,False,FLASH_ATTENTION
,,,,,0.11846400052309036,0.15187199413776398,0.12906559854745864,0.12535999715328217,0.010573770065234744,16384,128,8,8,131072,128,0,512,False,FLASH_ATTENTION
,,,,,0.12038400024175644,0.14444799721240997,0.12908160015940667,0.125024002045393,0.009002014103472306,16384,128,8,8,131072,256,0,512,False,FLASH_ATTENTION
,,,,,0.13424000144004822,0.17839999496936798,0.14885759949684144,0.14760000258684158,0.012520006236785038,16384,128,8,8,131072,1,0,768,False,FLASH_ATTENTION
,,,,,0.1324480026960373,0.1470080018043518,0.13799680024385452,0.13676799833774567,0.004758115197036966,16384,128,8,8,131072,2,0,768,False,FLASH_ATTENTION
,,,,,0.12905600666999817,0.14988799393177032,0.13802559971809386,0.13657600432634354,0.006822319564136484,16384,128,8,8,131072,4,0,768,False,FLASH_ATTENTION
,,,,,0.11987199634313583,0.16918399930000305,0.13702079951763152,0.13449600338935852,0.014999969862581944,16384,128,8,8,131072,8,0,768,False,FLASH_ATTENTION
,,,,,0.11974400281906128,0.13788799941539764,0.12602880001068115,0.12276799976825714,0.006183477565858144,16384,128,8,8,131072,16,0,768,False,FLASH_ATTENTION
,,,,,0.1202239990234375,0.1507200002670288,0.13246720060706138,0.13419199734926224,0.01052135715561526,16384,128,8,8,131072,32,0,768,False,FLASH_ATTENTION
,,,,,0.11907199770212173,0.14396800100803375,0.12715839967131615,0.12377599999308586,0.0073756773972164505,16384,128,8,8,131072,64,0,768,False,FLASH_ATTENTION
,,,,,0.12038400024175644,0.143327996134758,0.13169919922947884,0.13236799836158752,0.007376358469318748,16384,128,8,8,131072,128,0,768,False,FLASH_ATTENTION
,,,,,0.1210239976644516,0.1517760008573532,0.13037119954824447,0.12939199805259705,0.008916563044796901,16384,128,8,8,131072,256,0,768,False,FLASH_ATTENTION
,,,,,0.13228799402713776,0.19363200664520264,0.1475040003657341,0.14152000099420547,0.017464261107751202,16384,128,8,8,131072,1,0,1024,False,FLASH_ATTENTION
,,,,,0.13011200726032257,0.1555519998073578,0.1404416009783745,0.13768000155687332,0.009461128691059913,16384,128,8,8,131072,2,0,1024,False,FLASH_ATTENTION
,,,,,0.12931199371814728,0.1658560037612915,0.14117439985275268,0.13599999994039536,0.012277989269776322,16384,128,8,8,131072,4,0,1024,False,FLASH_ATTENTION
,,,,,0.12038400024175644,0.15907199680805206,0.1322367988526821,0.12904000282287598,0.011276975113808728,16384,128,8,8,131072,8,0,1024,False,FLASH_ATTENTION
,,,,,0.11907199770212173,0.13967999815940857,0.1256128005683422,0.12267200276255608,0.00690785432793406,16384,128,8,8,131072,16,0,1024,False,FLASH_ATTENTION
,,,,,0.1181119978427887,0.1427839994430542,0.12952319905161858,0.12913600355386734,0.009200265133016276,16384,128,8,8,131072,32,0,1024,False,FLASH_ATTENTION
,,,,,0.11897599697113037,0.13939200341701508,0.12688320204615594,0.12484800443053246,0.00689505445868725,16384,128,8,8,131072,64,0,1024,False,FLASH_ATTENTION
,,,,,0.118367999792099,0.14815999567508698,0.12934720143675804,0.12556800246238708,0.010906728242492301,16384,128,8,8,131072,128,0,1024,False,FLASH_ATTENTION
,,,,,0.12006399780511856,0.1690240055322647,0.1318336009979248,0.12535999715328217,0.013704439818204893,16384,128,8,8,131072,256,0,1024,False,FLASH_ATTENTION
,,,,,0.13327999413013458,0.16662399470806122,0.14657599925994874,0.14336000382900238,0.0111682599624047,16384,128,8,8,131072,1,0,1536,False,FLASH_ATTENTION
,,,,,0.1292479932308197,0.15423999726772308,0.13901440054178238,0.13688000291585922,0.0075572162991437136,16384,128,8,8,131072,2,0,1536,False,FLASH_ATTENTION
,,,,,0.130048006772995,0.14819200336933136,0.139267198741436,0.13923200219869614,0.007362202430891983,16384,128,8,8,131072,4,0,1536,False,FLASH_ATTENTION
,,,,,0.13129599392414093,0.1555519998073578,0.13805120140314103,0.1348000019788742,0.008677150701012213,16384,128,8,8,131072,8,0,1536,False,FLASH_ATTENTION
,,,,,0.11766400188207626,0.14159999787807465,0.12937920093536376,0.12835200130939484,0.008841321193696116,16384,128,8,8,131072,16,0,1536,False,FLASH_ATTENTION
,,,,,0.12051200121641159,0.17283199727535248,0.1341728001832962,0.12700799852609634,0.01683663773377727,16384,128,8,8,131072,32,0,1536,False,FLASH_ATTENTION
,,,,,0.11798399686813354,0.15254400670528412,0.12690560147166252,0.12251200154423714,0.010592938166613006,16384,128,8,8,131072,64,0,1536,False,FLASH_ATTENTION
,,,,,0.1202239990234375,0.16761599481105804,0.13361599817872047,0.1286880001425743,0.013853487854690576,16384,128,8,8,131072,128,0,1536,False,FLASH_ATTENTION
,,,,,0.11654400080442429,0.15263999998569489,0.1309824012219906,0.12862399965524673,0.010404960077376029,16384,128,8,8,131072,256,0,1536,False,FLASH_ATTENTION
,,,,,0.1327359974384308,0.1546880006790161,0.14069760143756865,0.13900800049304962,0.0065388118697058415,16384,128,8,8,131072,1,0,2048,False,FLASH_ATTENTION
,,,,,0.13232000172138214,0.15663999319076538,0.14049919992685317,0.13752000033855438,0.00788833493770063,16384,128,8,8,131072,2,0,2048,False,FLASH_ATTENTION
,,,,,0.13043199479579926,0.14851200580596924,0.13690879791975022,0.1350719928741455,0.006347647156786577,16384,128,8,8,131072,4,0,2048,False,FLASH_ATTENTION
,,,,,0.13238400220870972,0.1956160068511963,0.1444031998515129,0.13625600188970566,0.018623617605413104,16384,128,8,8,131072,8,0,2048,False,FLASH_ATTENTION
,,,,,0.12019199877977371,0.15785600244998932,0.13053120002150537,0.12705599889159203,0.010929286603592707,16384,128,8,8,131072,16,0,2048,False,FLASH_ATTENTION
,,,,,0.1199679970741272,0.13740800321102142,0.12430720031261444,0.12179199978709221,0.005316167463212377,16384,128,8,8,131072,32,0,2048,False,FLASH_ATTENTION
,,,,,0.11999999731779099,0.15014399588108063,0.12928319871425628,0.12451199814677238,0.009591830460592159,16384,128,8,8,131072,64,0,2048,False,FLASH_ATTENTION
,,,,,0.12089599668979645,0.1478399932384491,0.13030719757080078,0.12622400373220444,0.00866179473086974,16384,128,8,8,131072,128,0,2048,False,FLASH_ATTENTION
,,,,,0.12083200365304947,0.15641599893569946,0.13190079852938652,0.13051199913024902,0.010460734251574963,16384,128,8,8,131072,256,0,2048,False,FLASH_ATTENTION
,,,,,0.13075199723243713,0.14828799664974213,0.13697280138731002,0.13422400504350662,0.005962848134067927,16384,128,8,8,131072,1,0,3072,False,FLASH_ATTENTION
,,,,,0.13068799674510956,0.1711679995059967,0.14100159853696823,0.13656000047922134,0.011765038808736208,16384,128,8,8,131072,2,0,3072,False,FLASH_ATTENTION
,,,,,0.13017599284648895,0.1539520025253296,0.13864000141620636,0.13396800309419632,0.008866810770460504,16384,128,8,8,131072,4,0,3072,False,FLASH_ATTENTION
,,,,,0.13087999820709229,0.1542080044746399,0.1394015997648239,0.13636799901723862,0.008598825373684537,16384,128,8,8,131072,8,0,3072,False,FLASH_ATTENTION
,,,,,0.12908799946308136,0.16553600132465363,0.13999040126800538,0.13414400070905685,0.01213584242994641,16384,128,8,8,131072,16,0,3072,False,FLASH_ATTENTION
,,,,,0.12064000219106674,0.15241600573062897,0.12902400121092797,0.12505599856376648,0.009933328913236289,16384,128,8,8,131072,32,0,3072,False,FLASH_ATTENTION
,,,,,0.12118399888277054,0.177279993891716,0.1312608003616333,0.1239360012114048,0.01627092968166662,16384,128,8,8,131072,64,0,3072,False,FLASH_ATTENTION
,,,,,0.11935999989509583,0.14028799533843994,0.12668160125613212,0.12406400218605995,0.007033608316271231,16384,128,8,8,131072,128,0,3072,False,FLASH_ATTENTION
,,,,,0.1194240003824234,0.15190400183200836,0.12939200028777123,0.12470400333404541,0.010254552404360852,16384,128,8,8,131072,256,0,3072,False,FLASH_ATTENTION
,,,,,0.13254399597644806,0.16950400173664093,0.1456031993031502,0.13950400054454803,0.013407675744194178,16384,128,8,8,131072,1,0,4096,False,FLASH_ATTENTION
,,,,,0.13094399869441986,0.14803199470043182,0.13719040006399155,0.1345919966697693,0.005968489939541806,16384,128,8,8,131072,2,0,4096,False,FLASH_ATTENTION
,,,,,0.13222399353981018,0.15667200088500977,0.13902399986982344,0.1355839967727661,0.007510806733468659,16384,128,8,8,131072,4,0,4096,False,FLASH_ATTENTION
,,,,,0.13312000036239624,0.15136000514030457,0.1427360013127327,0.1414400041103363,0.00664670489437254,16384,128,8,8,131072,8,0,4096,False,FLASH_ATTENTION
,,,,,0.13078400492668152,0.1695999950170517,0.14060479998588563,0.1342560052871704,0.012228289423951662,16384,128,8,8,131072,16,0,4096,False,FLASH_ATTENTION
,,,,,0.11964800208806992,0.14025600254535675,0.1294879987835884,0.12857599556446075,0.007282418595402469,16384,128,8,8,131072,32,0,4096,False,FLASH_ATTENTION
,,,,,0.11929599940776825,0.14713600277900696,0.12859519943594933,0.1244800016283989,0.009518202960397418,16384,128,8,8,131072,64,0,4096,False,FLASH_ATTENTION
,,,,,0.1191679984331131,0.15651200711727142,0.12948480024933814,0.12558399885892868,0.010789480772491204,16384,128,8,8,131072,128,0,4096,False,FLASH_ATTENTION
,,,,,0.1210239976644516,0.15609599649906158,0.13280319944024085,0.1255519986152649,0.011759400885775746,16384,128,8,8,131072,256,0,4096,False,FLASH_ATTENTION
,,,,,0.13212800025939941,0.1690240055322647,0.14510080069303513,0.13662400096654892,0.014379174483632925,16384,128,8,8,131072,1,0,6144,False,FLASH_ATTENTION
,,,,,0.13091200590133667,0.15385599434375763,0.136735999584198,0.13262400031089783,0.007573540503656682,16384,128,8,8,131072,2,0,6144,False,FLASH_ATTENTION
,,,,,0.12867200374603271,0.15078400075435638,0.1375903993844986,0.13393599539995193,0.007390517535223268,16384,128,8,8,131072,4,0,6144,False,FLASH_ATTENTION
,,,,,0.13596799969673157,0.1573439985513687,0.14461120069026948,0.14457600563764572,0.007341619146734318,16384,128,8,8,131072,8,0,6144,False,FLASH_ATTENTION
,,,,,0.1319040060043335,0.15430399775505066,0.13849919885396958,0.13500799983739853,0.00696640006229411,16384,128,8,8,131072,16,0,6144,False,FLASH_ATTENTION
,,,,,0.13145600259304047,0.150176003575325,0.13803839832544326,0.13574399799108505,0.006654708596555673,16384,128,8,8,131072,32,0,6144,False,FLASH_ATTENTION
,,,,,0.12160000205039978,0.14131200313568115,0.13015680238604546,0.12864000350236893,0.007145997512676564,16384,128,8,8,131072,64,0,6144,False,FLASH_ATTENTION
,,,,,0.12015999853610992,0.15145599842071533,0.12987519949674606,0.12462399527430534,0.010603356909131197,16384,128,8,8,131072,128,0,6144,False,FLASH_ATTENTION
,,,,,0.11961600184440613,0.1377599984407425,0.1255327992141247,0.12257599830627441,0.006023798731773714,16384,128,8,8,131072,256,0,6144,False,FLASH_ATTENTION
,,,,,0.12969599664211273,0.16780799627304077,0.14252159893512725,0.13945599645376205,0.012237553000474462,16384,128,8,8,131072,1,0,8192,False,FLASH_ATTENTION
,,,,,0.13212800025939941,0.17712000012397766,0.1415008008480072,0.13569600135087967,0.013010402811743866,16384,128,8,8,131072,2,0,8192,False,FLASH_ATTENTION
,,,,,0.13014400005340576,0.1767680048942566,0.13992960005998611,0.13412799686193466,0.013287068795872351,16384,128,8,8,131072,4,0,8192,False,FLASH_ATTENTION
,,,,,0.13513599336147308,0.16630400717258453,0.14615679979324342,0.1441119983792305,0.009424882772152548,16384,128,8,8,131072,8,0,8192,False,FLASH_ATTENTION
,,,,,0.1335040032863617,0.1732800006866455,0.1433856025338173,0.13942400366067886,0.011182456519811866,16384,128,8,8,131072,16,0,8192,False,FLASH_ATTENTION
,,,,,0.13123199343681335,0.16092799603939056,0.13725439906120301,0.13355199992656708,0.008864055710826886,16384,128,8,8,131072,32,0,8192,False,FLASH_ATTENTION
,,,,,0.12217599898576736,0.15113599598407745,0.132489600032568,0.13132800161838531,0.008111819367882609,16384,128,8,8,131072,64,0,8192,False,FLASH_ATTENTION
,,,,,0.12086399644613266,0.1746560037136078,0.13145920112729073,0.125280000269413,0.015187677816204446,16384,128,8,8,131072,128,0,8192,False,FLASH_ATTENTION
,,,,,0.12352000176906586,0.16607999801635742,0.13523839861154557,0.12899199873209,0.013417556493340267,16384,128,8,8,131072,256,0,8192,False,FLASH_ATTENTION
,,,,,0.1300159990787506,0.15343999862670898,0.1386175975203514,0.13729599863290787,0.007678758944855177,16384,128,8,8,131072,1,0,12288,False,FLASH_ATTENTION
,,,,,0.13199999928474426,0.1518079936504364,0.1392991989850998,0.13753600418567657,0.007124546062844887,16384,128,8,8,131072,2,0,12288,False,FLASH_ATTENTION
,,,,,0.12995199859142303,0.1754239946603775,0.14187839776277542,0.134272001683712,0.013689649382375775,16384,128,8,8,131072,4,0,12288,False,FLASH_ATTENTION
,,,,,0.12995199859142303,0.15164799988269806,0.14152639955282212,0.14190399646759033,0.007841686850290344,16384,128,8,8,131072,8,0,12288,False,FLASH_ATTENTION
,,,,,0.1305920034646988,0.15225599706172943,0.13847679942846297,0.13603200018405914,0.00746246745343034,16384,128,8,8,131072,16,0,12288,False,FLASH_ATTENTION
,,,,,0.12963199615478516,0.1531199961900711,0.13884799927473068,0.13704000413417816,0.00754307146249499,16384,128,8,8,131072,32,0,12288,False,FLASH_ATTENTION
,,,,,0.12902399897575378,0.1547199934720993,0.13839999884366988,0.1353279948234558,0.00885892721015186,16384,128,8,8,131072,64,0,12288,False,FLASH_ATTENTION
,,,,,0.11993599683046341,0.1616320013999939,0.12901119962334634,0.12510399892926216,0.011533487974765189,16384,128,8,8,131072,128,0,12288,False,FLASH_ATTENTION
,,,,,0.1189119964838028,0.14748799800872803,0.1344063997268677,0.13808000087738037,0.008353909651487619,16384,128,8,8,131072,256,0,12288,False,FLASH_ATTENTION
,,,,,0.13094399869441986,0.152319997549057,0.1411200001835823,0.13766399770975113,0.007414601332832053,16384,128,8,8,131072,1,0,16384,False,FLASH_ATTENTION
,,,,,0.13196800649166107,0.16204799711704254,0.14297920167446138,0.13910400122404099,0.009473613606649816,16384,128,8,8,131072,2,0,16384,False,FLASH_ATTENTION
,,,,,0.13177600502967834,0.17654399573802948,0.146841599047184,0.14135999977588654,0.013987072433366868,16384,128,8,8,131072,4,0,16384,False,FLASH_ATTENTION
,,,,,0.13043199479579926,0.15353600680828094,0.13925440162420272,0.1371839940547943,0.007361561260781262,16384,128,8,8,131072,8,0,16384,False,FLASH_ATTENTION
,,,,,0.12995199859142303,0.17033599317073822,0.14480639845132828,0.1382559984922409,0.01375278501144842,16384,128,8,8,131072,16,0,16384,False,FLASH_ATTENTION
,,,,,0.13184000551700592,0.16070400178432465,0.14296959936618805,0.1404159963130951,0.010451631252420806,16384,128,8,8,131072,32,0,16384,False,FLASH_ATTENTION
,,,,,0.13091200590133667,0.15279999375343323,0.1384544000029564,0.13622400164604187,0.007372093387334993,16384,128,8,8,131072,64,0,16384,False,FLASH_ATTENTION
,,,,,0.11923199892044067,0.15488000214099884,0.13136959969997405,0.12720000371336937,0.012351527252462842,16384,128,8,8,131072,128,0,16384,False,FLASH_ATTENTION
,,,,,0.12163200229406357,0.1409599930047989,0.13097279742360116,0.12961599975824356,0.006045568453978793,16384,128,8,8,131072,256,0,16384,False,FLASH_ATTENTION
,,,,,0.1308159977197647,0.15779200196266174,0.14018559753894805,0.13651199638843536,0.009583345895338642,16384,128,8,8,131072,1,0,24576,False,FLASH_ATTENTION
,,,,,0.1353600025177002,0.1648319959640503,0.14818239957094193,0.14976000040769577,0.010218637669753325,16384,128,8,8,131072,2,0,24576,False,FLASH_ATTENTION
,,,,,0.13331200182437897,0.15302400290966034,0.1408095985651016,0.13807999342679977,0.006755928525223388,16384,128,8,8,131072,4,0,24576,False,FLASH_ATTENTION
,,,,,0.13014400005340576,0.17875200510025024,0.14629440158605575,0.14139200001955032,0.014569928048318689,16384,128,8,8,131072,8,0,24576,False,FLASH_ATTENTION
,,,,,0.13308799266815186,0.16864000260829926,0.1421215996146202,0.1393119990825653,0.010088176641851986,16384,128,8,8,131072,16,0,24576,False,FLASH_ATTENTION
,,,,,0.13225600123405457,0.1547199934720993,0.14152959883213043,0.1380160003900528,0.008095185851508915,16384,128,8,8,131072,32,0,24576,False,FLASH_ATTENTION
,,,,,0.13180799782276154,0.16607999801635742,0.14143680036067963,0.1390400007367134,0.009836202146520076,16384,128,8,8,131072,64,0,24576,False,FLASH_ATTENTION
,,,,,0.13340799510478973,0.15516799688339233,0.1425599992275238,0.1444000005722046,0.006654016588604698,16384,128,8,8,131072,128,0,24576,False,FLASH_ATTENTION
,,,,,0.12227199971675873,0.1467839926481247,0.13067199885845185,0.1271519958972931,0.00847761043410041,16384,128,8,8,131072,256,0,24576,False,FLASH_ATTENTION
,,,,,0.1326719969511032,0.15884800255298615,0.14012800008058549,0.13743999600410461,0.00782590979577539,16384,128,8,8,131072,1,0,32768,False,FLASH_ATTENTION
,,,,,0.13177600502967834,0.15699200332164764,0.14017920196056366,0.13681600242853165,0.008284393230930106,16384,128,8,8,131072,2,0,32768,False,FLASH_ATTENTION
,,,,,0.13334399461746216,0.1592320054769516,0.1411200001835823,0.13649599999189377,0.008923185176351508,16384,128,8,8,131072,4,0,32768,False,FLASH_ATTENTION
,,,,,0.13177600502967834,0.16019199788570404,0.14309439957141876,0.14132799953222275,0.009164320389870624,16384,128,8,8,131072,8,0,32768,False,FLASH_ATTENTION
,,,,,0.13257600367069244,0.1574079990386963,0.14125440120697022,0.137472003698349,0.008745135870535338,16384,128,8,8,131072,16,0,32768,False,FLASH_ATTENTION
,,,,,0.13382400572299957,0.15462400019168854,0.14164480119943618,0.13867200165987015,0.007515069042302402,16384,128,8,8,131072,32,0,32768,False,FLASH_ATTENTION
,,,,,0.13104000687599182,0.15811200439929962,0.13971840143203734,0.13550399988889694,0.009013995447162247,16384,128,8,8,131072,64,0,32768,False,FLASH_ATTENTION
,,,,,0.132192000746727,0.1549759954214096,0.14095039963722228,0.13831999897956848,0.007500624491987155,16384,128,8,8,131072,128,0,32768,False,FLASH_ATTENTION
,,,,,0.12169600278139114,0.1393280029296875,0.1291360005736351,0.12839999794960022,0.006327902400537444,16384,128,8,8,131072,256,0,32768,False,FLASH_ATTENTION
,,,,,0.13260799646377563,0.17494399845600128,0.1465055987238884,0.13937599956989288,0.014155645201766143,16384,128,8,8,131072,1,0,48000,False,FLASH_ATTENTION
,,,,,0.13062399625778198,0.15452800691127777,0.14174080044031143,0.13887999951839447,0.00839151171891339,16384,128,8,8,131072,2,0,48000,False,FLASH_ATTENTION
,,,,,0.13068799674510956,0.15238399803638458,0.13928000181913375,0.1377600058913231,0.007875397730791343,16384,128,8,8,131072,4,0,48000,False,FLASH_ATTENTION
,,,,,0.1318719983100891,0.16332800686359406,0.14478400051593782,0.14289600402116776,0.009765594050580218,16384,128,8,8,131072,8,0,48000,False,FLASH_ATTENTION
,,,,,0.13075199723243713,0.1534080058336258,0.14007359892129898,0.13894400000572205,0.0076539842817020184,16384,128,8,8,131072,16,0,48000,False,FLASH_ATTENTION
,,,,,0.1316480040550232,0.15612800419330597,0.1389376014471054,0.13582400232553482,0.007198290216134686,16384,128,8,8,131072,32,0,48000,False,FLASH_ATTENTION
,,,,,0.1348479986190796,0.15654399991035461,0.14208320081233977,0.1361600011587143,0.008334246982777503,16384,128,8,8,131072,64,0,48000,False,FLASH_ATTENTION
,,,,,0.1303039938211441,0.15398399531841278,0.13712959885597228,0.13527999818325043,0.006337600691136092,16384,128,8,8,131072,128,0,48000,False,FLASH_ATTENTION
,,,,,0.12108799815177917,0.1597760021686554,0.1297759994864464,0.12462399899959564,0.011056566530095862,16384,128,8,8,131072,256,0,48000,False,FLASH_ATTENTION
,,,,,0.13196800649166107,0.15862399339675903,0.14135680049657823,0.13788799941539764,0.009330752064398118,16384,128,8,8,131072,1,0,65536,False,FLASH_ATTENTION
,,,,,0.1324480026960373,0.15427200496196747,0.1388896018266678,0.13550399988889694,0.007520844327418587,16384,128,8,8,131072,2,0,65536,False,FLASH_ATTENTION
,,,,,0.13516800105571747,0.16150400042533875,0.14460480213165283,0.14361600577831268,0.008204681946003238,16384,128,8,8,131072,4,0,65536,False,FLASH_ATTENTION
,,,,,0.13072000443935394,0.1698240041732788,0.14175360053777694,0.13843200355768204,0.011352992219599104,16384,128,8,8,131072,8,0,65536,False,FLASH_ATTENTION
,,,,,0.1326719969511032,0.16310399770736694,0.14059839844703675,0.1380319967865944,0.009684967845919792,16384,128,8,8,131072,16,0,65536,False,FLASH_ATTENTION
,,,,,0.13199999928474426,0.1892160028219223,0.144991996884346,0.13814399391412735,0.01612012088963246,16384,128,8,8,131072,32,0,65536,False,FLASH_ATTENTION
,,,,,0.13424000144004822,0.15811200439929962,0.14259520173072815,0.1401440054178238,0.007781548725585859,16384,128,8,8,131072,64,0,65536,False,FLASH_ATTENTION
,,,,,0.13286399841308594,0.15532800555229187,0.13903360068798065,0.13582399487495422,0.00771409596531129,16384,128,8,8,131072,128,0,65536,False,FLASH_ATTENTION
,,,,,0.12169600278139114,0.1435839980840683,0.13022399991750716,0.12769600003957748,0.007479397008672268,16384,128,8,8,131072,256,0,65536,False,FLASH_ATTENTION
,,,,,0.132192000746727,0.16924799978733063,0.14299200028181075,0.1403679996728897,0.010807705568799567,16384,128,8,8,131072,1,0,80000,False,FLASH_ATTENTION
,,,,,0.13238400220870972,0.16886399686336517,0.1407711997628212,0.1369599997997284,0.010439950788678886,16384,128,8,8,131072,2,0,80000,False,FLASH_ATTENTION
,,,,,0.13388800621032715,0.16249600052833557,0.14011520147323608,0.13548800349235535,0.008914779323718397,16384,128,8,8,131072,4,0,80000,False,FLASH_ATTENTION
,,,,,0.1313599944114685,0.15510399639606476,0.1400063991546631,0.13713600486516953,0.007431220568802376,16384,128,8,8,131072,8,0,80000,False,FLASH_ATTENTION
,,,,,0.13123199343681335,0.19942399859428406,0.14547519981861115,0.1372320055961609,0.01935285063854479,16384,128,8,8,131072,16,0,80000,False,FLASH_ATTENTION
,,,,,0.13014400005340576,0.16547200083732605,0.1415583983063698,0.1358879953622818,0.0128941813991387,16384,128,8,8,131072,32,0,80000,False,FLASH_ATTENTION
,,,,,0.13075199723243713,0.15440000593662262,0.1382752016186714,0.13624000549316406,0.0077754789874883296,16384,128,8,8,131072,64,0,80000,False,FLASH_ATTENTION
,,,,,0.13439999520778656,0.1674879938364029,0.14331200122833251,0.13822400569915771,0.010133294959315135,16384,128,8,8,131072,128,0,80000,False,FLASH_ATTENTION
,,,,,0.12015999853610992,0.14127999544143677,0.1278559997677803,0.12457599863409996,0.006920354216737205,16384,128,8,8,131072,256,0,80000,False,FLASH_ATTENTION
,,,,,0.1332480013370514,0.16838400065898895,0.1417120009660721,0.13679999858140945,0.011068171937602182,16384,128,8,8,131072,1,0,96000,False,FLASH_ATTENTION
,,,,,0.13366399705410004,0.15779200196266174,0.14179520159959794,0.13760000467300415,0.008020268294577339,16384,128,8,8,131072,2,0,96000,False,FLASH_ATTENTION
,,,,,0.1335040032863617,0.1542080044746399,0.14019200205802917,0.13836800307035446,0.006780662922617512,16384,128,8,8,131072,4,0,96000,False,FLASH_ATTENTION
,,,,,0.13235199451446533,0.16675199568271637,0.14082239866256713,0.13652800023555756,0.009845730494045633,16384,128,8,8,131072,8,0,96000,False,FLASH_ATTENTION
,,,,,0.13318400084972382,0.15491199493408203,0.14192319959402083,0.14203199744224548,0.006360363107481505,16384,128,8,8,131072,16,0,96000,False,FLASH_ATTENTION
,,,,,0.13199999928474426,0.15161600708961487,0.13891840279102324,0.13689599931240082,0.006320219203587731,16384,128,8,8,131072,32,0,96000,False,FLASH_ATTENTION
,,,,,0.13199999928474426,0.16515199840068817,0.1403552010655403,0.13552000373601913,0.010899166118650574,16384,128,8,8,131072,64,0,96000,False,FLASH_ATTENTION
,,,,,0.13327999413013458,0.16927999258041382,0.14497919976711274,0.13891199976205826,0.011913443348625392,16384,128,8,8,131072,128,0,96000,False,FLASH_ATTENTION
,,,,,0.12185599654912949,0.1504960060119629,0.12862720116972923,0.12536000460386276,0.008540203221739772,16384,128,8,8,131072,256,0,96000,False,FLASH_ATTENTION
,,,,,0.12985600531101227,0.15913599729537964,0.1382879987359047,0.13409599661827087,0.009116609866044005,16384,128,8,8,131072,1,0,100000,False,FLASH_ATTENTION
,,,,,0.13395200669765472,0.15244799852371216,0.14143999963998793,0.1385439932346344,0.006471203428689698,16384,128,8,8,131072,2,0,100000,False,FLASH_ATTENTION
,,,,,0.13251200318336487,0.1687999963760376,0.14126719832420348,0.1374880000948906,0.01088531710029342,16384,128,8,8,131072,4,0,100000,False,FLASH_ATTENTION
,,,,,0.13145600259304047,0.15750400722026825,0.14073920100927353,0.1395840048789978,0.007252127391018453,16384,128,8,8,131072,8,0,100000,False,FLASH_ATTENTION
,,,,,0.13276800513267517,0.14927999675273895,0.13852800130844117,0.13699200004339218,0.005759572268271861,16384,128,8,8,131072,16,0,100000,False,FLASH_ATTENTION
,,,,,0.1318719983100891,0.15136000514030457,0.13970880061388016,0.13649599999189377,0.006502311528968327,16384,128,8,8,131072,32,0,100000,False,FLASH_ATTENTION
,,,,,0.13184000551700592,0.16886399686336517,0.13991679847240449,0.13398399949073792,0.010703318906868946,16384,128,8,8,131072,64,0,100000,False,FLASH_ATTENTION
,,,,,0.131071999669075,0.15251199901103973,0.14029439985752107,0.13788799941539764,0.0078091610816434665,16384,128,8,8,131072,128,0,100000,False,FLASH_ATTENTION
,,,,,0.12031999975442886,0.14614400267601013,0.12703680172562598,0.12246400117874146,0.0084163718017531,16384,128,8,8,131072,256,0,100000,False,FLASH_ATTENTION
,,,,,0.12905600666999817,0.15465599298477173,0.13964160084724425,0.1363999992609024,0.008105754262411979,16384,128,8,8,131072,1,0,131072,False,FLASH_ATTENTION
,,,,,0.1327040046453476,0.1544640064239502,0.1397024005651474,0.1366719976067543,0.00706349739841943,16384,128,8,8,131072,2,0,131072,False,FLASH_ATTENTION
,,,,,0.1353600025177002,0.16131199896335602,0.14442560225725173,0.1392960026860237,0.009581634503818019,16384,128,8,8,131072,4,0,131072,False,FLASH_ATTENTION
,,,,,0.13600000739097595,0.17507199943065643,0.14564160257577896,0.13860800117254257,0.013297969617513006,16384,128,8,8,131072,8,0,131072,False,FLASH_ATTENTION
,,,,,0.1332480013370514,0.15251199901103973,0.14240320026874542,0.14326400309801102,0.006543282704395492,16384,128,8,8,131072,16,0,131072,False,FLASH_ATTENTION
,,,,,0.13142399489879608,0.14998400211334229,0.1385920003056526,0.13547199964523315,0.006862862460679017,16384,128,8,8,131072,32,0,131072,False,FLASH_ATTENTION
,,,,,0.1308159977197647,0.16143999993801117,0.13998400121927262,0.13528000563383102,0.010058085384352322,16384,128,8,8,131072,64,0,131072,False,FLASH_ATTENTION
,,,,,0.13465599715709686,0.1595200002193451,0.1429600015282631,0.13673600554466248,0.00922520658363324,16384,128,8,8,131072,128,0,131072,False,FLASH_ATTENTION
,,,,,0.12134400010108948,0.1390399932861328,0.12754239961504937,0.12564799934625626,0.00603209826171379,16384,128,8,8,131072,256,0,131072,False,FLASH_ATTENTION
0.10732799768447876,0.127360001206398,0.11267840042710305,0.10896000266075134,0.00713933924445096,,,,,,16384,128,8,8,131072,1,1024,1024,True,FLASH_ATTENTION
0.12089599668979645,0.13686400651931763,0.12613440081477165,0.12387199699878693,0.005037213799561569,,,,,,16384,128,8,8,131072,1,1024,2048,True,FLASH_ATTENTION
0.12028799951076508,0.18931199610233307,0.13312959745526315,0.12449599802494049,0.01976207587815003,,,,,,16384,128,8,8,131072,1,1024,4096,True,FLASH_ATTENTION
0.21689599752426147,0.3001599907875061,0.2254048004746437,0.2170720025897026,0.024918676204204036,,,,,,16384,128,8,8,131072,1,1024,8192,True,FLASH_ATTENTION
0.42534399032592773,0.5281280279159546,0.43578880429267886,0.42553600668907166,0.03077999662480698,,,,,,16384,128,8,8,131072,1,1024,16384,True,FLASH_ATTENTION
0.841920018196106,0.9523839950561523,0.8531872034072876,0.8421919941902161,0.033065947135326,,,,,,16384,128,8,8,131072,1,1024,32768,True,FLASH_ATTENTION
1.7259520292282104,1.8470079898834229,1.7402464032173157,1.7290239930152893,0.03562551399279189,,,,,,16384,128,8,8,131072,1,1024,65536,True,FLASH_ATTENTION
0.11398400366306305,0.13414399325847626,0.11984319910407067,0.11764800176024437,0.006039195178773669,,,,,,16384,128,8,8,131072,1,2048,1024,True,FLASH_ATTENTION
0.12134400010108948,0.17203199863433838,0.13588479906320572,0.1279039978981018,0.01691766026910424,,,,,,16384,128,8,8,131072,1,2048,2048,True,FLASH_ATTENTION
0.1847359985113144,0.26531198620796204,0.19329599887132645,0.18532799929380417,0.024006430134648857,,,,,,16384,128,8,8,131072,1,2048,4096,True,FLASH_ATTENTION
0.359360009431839,0.4639039933681488,0.37043840289115904,0.3601600080728531,0.03116123075211478,,,,,,16384,128,8,8,131072,1,2048,8192,True,FLASH_ATTENTION
0.7085440158843994,0.8059520125389099,0.7193856060504913,0.7089920043945312,0.028886644359262265,,,,,,16384,128,8,8,131072,1,2048,16384,True,FLASH_ATTENTION
1.410591959953308,1.539680004119873,1.425110399723053,1.4115360379219055,0.038239499955817775,,,,,,16384,128,8,8,131072,1,2048,32768,True,FLASH_ATTENTION
2.81276798248291,2.9910080432891846,2.831436824798584,2.813696026802063,0.053198853601317084,,,,,,16384,128,8,8,131072,1,2048,65536,True,FLASH_ATTENTION
0.12307199835777283,0.1781120002269745,0.138995198905468,0.13183999806642532,0.016485884441339797,,,,,,16384,128,8,8,131072,1,4096,1024,True,FLASH_ATTENTION
0.18729600310325623,0.2669439911842346,0.19569279849529267,0.1876320019364357,0.023754467288485025,,,,,,16384,128,8,8,131072,1,4096,2048,True,FLASH_ATTENTION
0.3619840145111084,0.46371200680732727,0.3730048030614853,0.36344000697135925,0.03024480658635921,,,,,,16384,128,8,8,131072,1,4096,4096,True,FLASH_ATTENTION
0.7059839963912964,0.8132479786872864,0.7191200017929077,0.7081759870052338,0.0314770092396661,,,,,,16384,128,8,8,131072,1,4096,8192,True,FLASH_ATTENTION
1.392416000366211,1.5130560398101807,1.4129696011543273,1.4070079922676086,0.03419444799209139,,,,,,16384,128,8,8,131072,1,4096,16384,True,FLASH_ATTENTION
2.771872043609619,2.8983359336853027,2.7852128028869627,2.7724640369415283,0.03771305606566839,,,,,,16384,128,8,8,131072,1,4096,32768,True,FLASH_ATTENTION
5.573535919189453,5.7600321769714355,5.621673583984375,5.576735973358154,0.062213522733024634,,,,,,16384,128,8,8,131072,1,4096,65536,True,FLASH_ATTENTION
0.19728000462055206,0.2810879945755005,0.2061504006385803,0.19748800247907639,0.024986063544723647,,,,,,16384,128,8,8,131072,1,8192,1024,True,FLASH_ATTENTION
0.3728959858417511,0.45983999967575073,0.3823296010494232,0.37379200756549835,0.02584339778626428,,,,,,16384,128,8,8,131072,1,8192,2048,True,FLASH_ATTENTION
0.7241600155830383,0.8392320275306702,0.7363296031951905,0.7247360050678253,0.03430480219428207,,,,,,16384,128,8,8,131072,1,8192,4096,True,FLASH_ATTENTION
1.4033600091934204,1.5414719581604004,1.4201055884361267,1.40419203042984,0.04103097467151422,,,,,,16384,128,8,8,131072,1,8192,8192,True,FLASH_ATTENTION
2.7862720489501953,2.9537599086761475,2.809391975402832,2.7882879972457886,0.05000103772425488,,,,,,16384,128,8,8,131072,1,8192,16384,True,FLASH_ATTENTION
5.552832126617432,5.8440961837768555,5.648537540435791,5.647519826889038,0.07407313596802957,,,,,,16384,128,8,8,131072,1,8192,32768,True,FLASH_ATTENTION
11.093759536743164,11.383647918701172,11.261769580841065,11.291824340820312,0.08733386990997363,,,,,,16384,128,8,8,131072,1,8192,65536,True,FLASH_ATTENTION
0.38288000226020813,0.47440001368522644,0.39301120340824125,0.38409601151943207,0.027145406169983524,,,,,,16384,128,8,8,131072,1,16384,1024,True,FLASH_ATTENTION
0.7328640222549438,0.8378880023956299,0.7446624040603638,0.734144002199173,0.03109683521179233,,,,,,16384,128,8,8,131072,1,16384,2048,True,FLASH_ATTENTION
1.4108799695968628,1.5268800258636475,1.4229312062263488,1.4112799763679504,0.03465296972631205,,,,,,16384,128,8,8,131072,1,16384,4096,True,FLASH_ATTENTION
2.7864959239959717,2.9266560077667236,2.8388415813446044,2.8332159519195557,0.03262173355466149,,,,,,16384,128,8,8,131072,1,16384,8192,True,FLASH_ATTENTION
5.534656047821045,5.741759777069092,5.602793598175049,5.627919912338257,0.0634652927868566,,,,,,16384,128,8,8,131072,1,16384,16384,True,FLASH_ATTENTION
11.73795223236084,11.944767951965332,11.88792314529419,11.930592060089111,0.06955694540365395,,,,,,16384,128,8,8,131072,1,16384,32768,True,FLASH_ATTENTION
22.419391632080078,23.367712020874023,22.755555152893066,22.80526351928711,0.2639705239702539,,,,,,16384,128,8,8,131072,1,16384,65536,True,FLASH_ATTENTION
0.744704008102417,0.8586559891700745,0.7616415977478027,0.7531040012836456,0.03254561114671322,,,,,,16384,128,8,8,131072,1,32768,1024,True,FLASH_ATTENTION
1.4370880126953125,1.5456000566482544,1.4523008108139037,1.4434080123901367,0.0312142311079763,,,,,,16384,128,8,8,131072,1,32768,2048,True,FLASH_ATTENTION
2.795135974884033,2.941728115081787,2.8168512105941774,2.7969759702682495,0.042671903387447,,,,,,16384,128,8,8,131072,1,32768,4096,True,FLASH_ATTENTION
5.583456039428711,5.740479946136475,5.631628799438476,5.58515191078186,0.06557199328824274,,,,,,16384,128,8,8,131072,1,32768,8192,True,FLASH_ATTENTION
11.115167617797852,11.653599739074707,11.224681663513184,11.188127994537354,0.1560981181179788,,,,,,16384,128,8,8,131072,1,32768,16384,True,FLASH_ATTENTION
22.93836784362793,23.313631057739258,23.137673568725585,23.140480041503906,0.10078474780062692,,,,,,16384,128,8,8,131072,1,32768,32768,True,FLASH_ATTENTION
44.6014404296875,46.1673583984375,45.22431640625,45.11947059631348,0.40896825120803987,,,,,,16384,128,8,8,131072,1,32768,65536,True,FLASH_ATTENTION
1.4532159566879272,1.5854079723358154,1.4684288024902343,1.4553280472755432,0.03903313541995531,,,,,,16384,128,8,8,131072,1,65536,1024,True,FLASH_ATTENTION
2.812704086303711,2.991647958755493,2.8459872245788573,2.8367680311203003,0.04986315525153983,,,,,,16384,128,8,8,131072,1,65536,2048,True,FLASH_ATTENTION
5.719423770904541,5.911647796630859,5.742326450347901,5.72048020362854,0.057080569529146606,,,,,,16384,128,8,8,131072,1,65536,4096,True,FLASH_ATTENTION
11.339872360229492,11.643712043762207,11.416111946105957,11.347472190856934,0.10212448139407745,,,,,,16384,128,8,8,131072,1,65536,8192,True,FLASH_ATTENTION
22.58233642578125,22.950687408447266,22.624105644226074,22.585216522216797,0.10896700793601392,,,,,,16384,128,8,8,131072,1,65536,16384,True,FLASH_ATTENTION
44.338592529296875,45.23596954345703,44.96840400695801,45.07184028625488,0.24925026844635792,,,,,,16384,128,8,8,131072,1,65536,32768,True,FLASH_ATTENTION
89.26771545410156,90.31075286865234,90.01560592651367,90.04417419433594,0.3213198547813175,,,,,,16384,128,8,8,131072,1,65536,65536,True,FLASH_ATTENTION
2.6612160205841064,2.817823886871338,2.679337573051453,2.6645599603652954,0.04618764032181623,,,,,,16384,128,8,8,131072,1,1024,100000,True,FLASH_ATTENTION
4.269248008728027,4.452544212341309,4.290988874435425,4.273280143737793,0.05390694165891258,,,,,,16384,128,8,8,131072,1,2048,100000,True,FLASH_ATTENTION
8.538047790527344,8.853728294372559,8.629507255554199,8.617248058319092,0.08137250565012336,,,,,,16384,128,8,8,131072,1,4096,100000,True,FLASH_ATTENTION
17.207136154174805,17.559999465942383,17.38664016723633,17.416512489318848,0.13266192176422972,,,,,,16384,128,8,8,131072,1,8192,100000,True,FLASH_ATTENTION
0.1072319969534874,0.14239999651908875,0.1168351985514164,0.1104159988462925,0.011465027672869233,,,,,,16384,128,8,8,131072,1,32,256,True,FLASH_ATTENTION
0.1053759977221489,0.1258240044116974,0.11255040168762206,0.10968000069260597,0.006398765638925661,,,,,,16384,128,8,8,131072,1,32,512,True,FLASH_ATTENTION
0.10521599650382996,0.1194240003824234,0.10999679937958717,0.10823999717831612,0.0045097128137888826,,,,,,16384,128,8,8,131072,1,32,1024,True,FLASH_ATTENTION
0.11923199892044067,0.13007999956607819,0.12316160053014755,0.12174399942159653,0.0037468376763581312,,,,,,16384,128,8,8,131072,1,32,2048,True,FLASH_ATTENTION
0.12166400253772736,0.1913599967956543,0.13707519993185996,0.13103999942541122,0.019425107755638552,,,,,,16384,128,8,8,131072,1,32,4096,True,FLASH_ATTENTION
0.21750399470329285,0.2977280020713806,0.22570240050554274,0.21771200001239777,0.024009209653780055,,,,,,16384,128,8,8,131072,1,32,8192,True,FLASH_ATTENTION
0.4275520145893097,0.5241600275039673,0.43765120208263397,0.4280959963798523,0.02883707687651018,,,,,,16384,128,8,8,131072,1,32,16384,True,FLASH_ATTENTION
0.8487359881401062,0.9462720155715942,0.8587743997573852,0.8489759862422943,0.02916821876283295,,,,,,16384,128,8,8,131072,1,32,32768,True,FLASH_ATTENTION
1.2391999959945679,1.344831943511963,1.2502336025238037,1.2397760152816772,0.03153358899142127,,,,,,16384,128,8,8,131072,1,32,48000,True,FLASH_ATTENTION
1.6882879734039307,1.7985279560089111,1.7004159927368163,1.6895999908447266,0.032711742544864364,,,,,,16384,128,8,8,131072,1,32,65536,True,FLASH_ATTENTION
2.069567918777466,2.1837759017944336,2.0833248138427733,2.0725600719451904,0.03350230603530587,,,,,,16384,128,8,8,131072,1,32,80000,True,FLASH_ATTENTION
2.504672050476074,2.653183937072754,2.521929621696472,2.5075520277023315,0.04378060431503958,,,,,,16384,128,8,8,131072,1,32,96000,True,FLASH_ATTENTION
2.608736038208008,2.7401599884033203,2.6267199993133543,2.615536093711853,0.0379032754380529,,,,,,16384,128,8,8,131072,1,32,100000,True,FLASH_ATTENTION
0.10764800012111664,0.13407999277114868,0.1174464002251625,0.11312000080943108,0.009742419623417823,,,,,,16384,128,8,8,131072,1,64,256,True,FLASH_ATTENTION
0.10902400314807892,0.12675200402736664,0.11474880054593087,0.1117280013859272,0.006238432717290068,,,,,,16384,128,8,8,131072,1,64,512,True,FLASH_ATTENTION
0.10473600029945374,0.13391999900341034,0.11647680029273033,0.11151999980211258,0.011358941254896778,,,,,,16384,128,8,8,131072,1,64,1024,True,FLASH_ATTENTION
0.12064000219106674,0.14534400403499603,0.1261504016816616,0.12334400042891502,0.0073051712845495775,,,,,,16384,128,8,8,131072,1,64,2048,True,FLASH_ATTENTION
0.12303999811410904,0.1860799938440323,0.13526719883084298,0.12784000486135483,0.01840821894850332,,,,,,16384,128,8,8,131072,1,64,4096,True,FLASH_ATTENTION
0.2186560034751892,0.2987520098686218,0.2268352046608925,0.21884800493717194,0.02397277434345793,,,,,,16384,128,8,8,131072,1,64,8192,True,FLASH_ATTENTION
0.4296639859676361,0.514303982257843,0.4383487939834595,0.4299840033054352,0.02531876414109904,,,,,,16384,128,8,8,131072,1,64,16384,True,FLASH_ATTENTION
0.8524159789085388,0.9549760222434998,0.8628928005695343,0.8526079952716827,0.030694997721462145,,,,,,16384,128,8,8,131072,1,64,32768,True,FLASH_ATTENTION
1.2456320524215698,1.370751976966858,1.2583872079849243,1.24590402841568,0.03745519115515266,,,,,,16384,128,8,8,131072,1,64,48000,True,FLASH_ATTENTION
1.7060480117797852,1.8200639486312866,1.71839040517807,1.707311987876892,0.03389730216289614,,,,,,16384,128,8,8,131072,1,64,65536,True,FLASH_ATTENTION
2.09004807472229,2.2245121002197266,2.104697608947754,2.0910879373550415,0.03995348753648455,,,,,,16384,128,8,8,131072,1,64,80000,True,FLASH_ATTENTION
2.506335973739624,2.6361920833587646,2.5209312200546266,2.5082080364227295,0.03843706366737844,,,,,,16384,128,8,8,131072,1,64,96000,True,FLASH_ATTENTION
2.5697920322418213,2.7132480144500732,2.585926389694214,2.5718719959259033,0.04245346297135713,,,,,,16384,128,8,8,131072,1,64,100000,True,FLASH_ATTENTION
0.10835199803113937,0.127360001206398,0.11647999957203865,0.11561600118875504,0.006805972357676424,,,,,,16384,128,8,8,131072,1,128,256,True,FLASH_ATTENTION
0.10518400371074677,0.14800000190734863,0.11424320042133332,0.10928000137209892,0.012065209405718154,,,,,,16384,128,8,8,131072,1,128,512,True,FLASH_ATTENTION
0.1056319996714592,0.13043199479579926,0.11162239983677864,0.10758399963378906,0.007848312231462876,,,,,,16384,128,8,8,131072,1,128,1024,True,FLASH_ATTENTION
0.12095999717712402,0.14582400023937225,0.12699839919805528,0.12515199929475784,0.006898922392399408,,,,,,16384,128,8,8,131072,1,128,2048,True,FLASH_ATTENTION
0.11980800330638885,0.18246400356292725,0.1318176008760929,0.12339199706912041,0.01832376137128595,,,,,,16384,128,8,8,131072,1,128,4096,True,FLASH_ATTENTION
0.21376000344753265,0.2929919958114624,0.22186560034751893,0.21396800130605698,0.02370909219220174,,,,,,16384,128,8,8,131072,1,128,8192,True,FLASH_ATTENTION
0.41999998688697815,0.5072000026702881,0.4289119988679886,0.42025598883628845,0.026096193549804535,,,,,,16384,128,8,8,131072,1,128,16384,True,FLASH_ATTENTION
0.8324800133705139,0.9316160082817078,0.8424704074859619,0.8325600028038025,0.02971528984553799,,,,,,16384,128,8,8,131072,1,128,32768,True,FLASH_ATTENTION
1.215999960899353,1.3114880323410034,1.2257248163223267,1.2161120176315308,0.02858935202704804,,,,,,16384,128,8,8,131072,1,128,48000,True,FLASH_ATTENTION
1.6796480417251587,1.7981120347976685,1.6932064056396485,1.6809760332107544,0.03499516370853451,,,,,,16384,128,8,8,131072,1,128,65536,True,FLASH_ATTENTION
2.056864023208618,2.1881918907165527,2.0721727848052978,2.059648036956787,0.03870345916224442,,,,,,16384,128,8,8,131072,1,128,80000,True,FLASH_ATTENTION
2.467456102371216,2.5880320072174072,2.4811968088150023,2.4698559045791626,0.03564402075894676,,,,,,16384,128,8,8,131072,1,128,96000,True,FLASH_ATTENTION
2.583199977874756,2.706592082977295,2.600716805458069,2.5898560285568237,0.035384587446749265,,,,,,16384,128,8,8,131072,1,128,100000,True,FLASH_ATTENTION
0.10492800176143646,0.14140799641609192,0.11791999936103821,0.11340799927711487,0.012574248068208194,,,,,,16384,128,8,8,131072,1,256,256,True,FLASH_ATTENTION
0.10579200088977814,0.13651199638843536,0.11486080065369605,0.11032000184059143,0.010125208502467557,,,,,,16384,128,8,8,131072,1,256,512,True,FLASH_ATTENTION
0.10716799646615982,0.1438080072402954,0.11789760142564773,0.11088000237941742,0.013546612203098274,,,,,,16384,128,8,8,131072,1,256,1024,True,FLASH_ATTENTION
0.1202239990234375,0.15190400183200836,0.12633919939398766,0.12297599762678146,0.00908323823517457,,,,,,16384,128,8,8,131072,1,256,2048,True,FLASH_ATTENTION
0.12095999717712402,0.19548800587654114,0.13765120059251784,0.12776000052690506,0.021624417475677463,,,,,,16384,128,8,8,131072,1,256,4096,True,FLASH_ATTENTION
0.21593600511550903,0.28915199637413025,0.223369599878788,0.21608000248670578,0.021927631019748595,,,,,,16384,128,8,8,131072,1,256,8192,True,FLASH_ATTENTION
0.42419201135635376,0.5040959715843201,0.4323488026857376,0.4243680089712143,0.02391658263069248,,,,,,16384,128,8,8,131072,1,256,16384,True,FLASH_ATTENTION
0.8401600122451782,0.9333440065383911,0.8499488055706024,0.8407360017299652,0.0277991444049037,,,,,,16384,128,8,8,131072,1,256,32768,True,FLASH_ATTENTION
1.2271679639816284,1.3408639430999756,1.2389567852020265,1.2277600169181824,0.033970090083445134,,,,,,16384,128,8,8,131072,1,256,48000,True,FLASH_ATTENTION
1.693120002746582,1.8183679580688477,1.7086496114730836,1.6968960165977478,0.03661475644944667,,,,,,16384,128,8,8,131072,1,256,65536,True,FLASH_ATTENTION
2.0741119384765625,2.195552110671997,2.087971258163452,2.0765280723571777,0.035878204668927355,,,,,,16384,128,8,8,131072,1,256,80000,True,FLASH_ATTENTION
2.486975908279419,2.6276159286499023,2.5023359775543215,2.4886879920959473,0.041766888899448816,,,,,,16384,128,8,8,131072,1,256,96000,True,FLASH_ATTENTION
2.590143918991089,2.7242560386657715,2.606531190872192,2.594015955924988,0.039286088212444836,,,,,,16384,128,8,8,131072,1,256,100000,True,FLASH_ATTENTION
0.10604800283908844,0.1383039951324463,0.1166464000940323,0.11062400043010712,0.010876920104396563,,,,,,16384,128,8,8,131072,1,512,256,True,FLASH_ATTENTION
0.1053759977221489,0.1311040073633194,0.11389760002493858,0.11032000184059143,0.007895627940299032,,,,,,16384,128,8,8,131072,1,512,512,True,FLASH_ATTENTION
0.10883200168609619,0.12665599584579468,0.1153439998626709,0.11366399750113487,0.005866886976463604,,,,,,16384,128,8,8,131072,1,512,1024,True,FLASH_ATTENTION
0.12035199999809265,0.14870400726795197,0.1268640011548996,0.1241919994354248,0.007773937238619034,,,,,,16384,128,8,8,131072,1,512,2048,True,FLASH_ATTENTION
0.12256000190973282,0.18537600338459015,0.13687040135264397,0.12867200374603271,0.019919719110429113,,,,,,16384,128,8,8,131072,1,512,4096,True,FLASH_ATTENTION
0.2171200066804886,0.2919999957084656,0.2247327983379364,0.21726399660110474,0.022422531547826908,,,,,,16384,128,8,8,131072,1,512,8192,True,FLASH_ATTENTION
0.4256640076637268,0.5189120173454285,0.4353024005889893,0.42607998847961426,0.02787039558653432,,,,,,16384,128,8,8,131072,1,512,16384,True,FLASH_ATTENTION
0.8431680202484131,0.9426239728927612,0.8534143984317779,0.8436160087585449,0.029737072724943896,,,,,,16384,128,8,8,131072,1,512,32768,True,FLASH_ATTENTION
1.2329920530319214,1.34716796875,1.2451200008392334,1.2336480021476746,0.034021410594139496,,,,,,16384,128,8,8,131072,1,512,48000,True,FLASH_ATTENTION
1.70307195186615,1.8209279775619507,1.7160767912864685,1.7047839760780334,0.0349617466066933,,,,,,16384,128,8,8,131072,1,512,65536,True,FLASH_ATTENTION
2.0787200927734375,2.216223955154419,2.09758722782135,2.085312008857727,0.03960853096077422,,,,,,16384,128,8,8,131072,1,512,80000,True,FLASH_ATTENTION
2.4928319454193115,2.6312639713287354,2.507916784286499,2.493680000305176,0.041140833953269895,,,,,,16384,128,8,8,131072,1,512,96000,True,FLASH_ATTENTION
2.5964159965515137,2.740607976913452,2.61242561340332,2.5990240573883057,0.042742775573494436,,,,,,16384,128,8,8,131072,1,512,100000,True,FLASH_ATTENTION
0.10784000158309937,0.13449600338935852,0.11549759954214096,0.11257600039243698,0.008179028869707904,,,,,,16384,128,8,8,131072,1,768,256,True,FLASH_ATTENTION
0.10892800241708755,0.1316480040550232,0.11656000018119812,0.11324799805879593,0.007475330306813666,,,,,,16384,128,8,8,131072,1,768,512,True,FLASH_ATTENTION
0.10902400314807892,0.12636800110340118,0.11374719962477683,0.11107200011610985,0.00550895047635006,,,,,,16384,128,8,8,131072,1,768,1024,True,FLASH_ATTENTION
0.12131199985742569,0.13174399733543396,0.12420799881219864,0.12319999933242798,0.0031998467788283587,,,,,,16384,128,8,8,131072,1,768,2048,True,FLASH_ATTENTION
0.12144000083208084,0.1871359944343567,0.13670719936490058,0.1252799928188324,0.020044098560309646,,,,,,16384,128,8,8,131072,1,768,4096,True,FLASH_ATTENTION
0.21804800629615784,0.30828800797462463,0.22744320183992386,0.2183839976787567,0.026950785791920492,,,,,,16384,128,8,8,131072,1,768,8192,True,FLASH_ATTENTION
0.4251840114593506,0.5108159780502319,0.4340800017118454,0.42555201053619385,0.025579664030166954,,,,,,16384,128,8,8,131072,1,768,16384,True,FLASH_ATTENTION
0.8418560028076172,0.936959981918335,0.8517087996006012,0.842272013425827,0.028417829892903458,,,,,,16384,128,8,8,131072,1,768,32768,True,FLASH_ATTENTION
1.2379200458526611,1.3451520204544067,1.2499680042266845,1.2395040392875671,0.03174267669605048,,,,,,16384,128,8,8,131072,1,768,48000,True,FLASH_ATTENTION
1.7117120027542114,1.8368959426879883,1.7257823944091797,1.7135200500488281,0.03705546900404335,,,,,,16384,128,8,8,131072,1,768,65536,True,FLASH_ATTENTION
2.088639974594116,2.2099199295043945,2.1022783756256103,2.090672016143799,0.035893870153526304,,,,,,16384,128,8,8,131072,1,768,80000,True,FLASH_ATTENTION
2.492000102996826,2.657248020172119,2.5176480054855346,2.50107204914093,0.04704413141441037,,,,,,16384,128,8,8,131072,1,768,96000,True,FLASH_ATTENTION
2.5903680324554443,2.7478079795837402,2.6109920024871824,2.596112012863159,0.04564839058154053,,,,,,16384,128,8,8,131072,1,768,100000,True,FLASH_ATTENTION
0.10700800269842148,0.13126400113105774,0.11574719995260238,0.11089599877595901,0.008373900283480614,,,,,,16384,128,8,8,131072,1,1536,256,True,FLASH_ATTENTION
0.10704000294208527,0.14163200557231903,0.11665600016713143,0.1125440001487732,0.010333100526116941,,,,,,16384,128,8,8,131072,1,1536,512,True,FLASH_ATTENTION
0.1143679991364479,0.13072000443935394,0.1179296001791954,0.1149279996752739,0.005164587244508301,,,,,,16384,128,8,8,131072,1,1536,1024,True,FLASH_ATTENTION
0.11984000355005264,0.17129600048065186,0.1325952008366585,0.12516799569129944,0.015137889281381253,,,,,,16384,128,8,8,131072,1,1536,2048,True,FLASH_ATTENTION
0.18454399704933167,0.26873600482940674,0.19338880032300948,0.18516799807548523,0.025117169018386183,,,,,,16384,128,8,8,131072,1,1536,4096,True,FLASH_ATTENTION
0.3617599904537201,0.4482240080833435,0.3708736002445221,0.3623359948396683,0.025786137126840056,,,,,,16384,128,8,8,131072,1,1536,8192,True,FLASH_ATTENTION
0.7105280160903931,0.8153280019760132,0.7214528083801269,0.7109920084476471,0.03129373755074949,,,,,,16384,128,8,8,131072,1,1536,16384,True,FLASH_ATTENTION
1.4100799560546875,1.5216000080108643,1.4227904081344604,1.4110080003738403,0.032980299070765426,,,,,,16384,128,8,8,131072,1,1536,32768,True,FLASH_ATTENTION
2.0517120361328125,2.2104640007019043,2.0691776037216187,2.053391933441162,0.04710998359867668,,,,,,16384,128,8,8,131072,1,1536,48000,True,FLASH_ATTENTION
2.799328088760376,2.948607921600342,2.8156895875930785,2.8001760244369507,0.04434714616703361,,,,,,16384,128,8,8,131072,1,1536,65536,True,FLASH_ATTENTION
3.414463996887207,3.5855040550231934,3.4333696126937867,3.4159200191497803,0.050750630075911546,,,,,,16384,128,8,8,131072,1,1536,80000,True,FLASH_ATTENTION
4.08076810836792,4.253471851348877,4.105212783813476,4.090384006500244,0.04986753701963527,,,,,,16384,128,8,8,131072,1,1536,96000,True,FLASH_ATTENTION
4.25219202041626,4.429376125335693,4.272326421737671,4.254271984100342,0.05242646484657828,,,,,,16384,128,8,8,131072,1,1536,100000,True,FLASH_ATTENTION
0.10639999806880951,0.1311360001564026,0.11554879918694497,0.11164799705147743,0.008016257081960805,,,,,,16384,128,8,8,131072,1,3072,256,True,FLASH_ATTENTION
0.10707200318574905,0.12985600531101227,0.11380800008773803,0.11075199767947197,0.006919540528598045,,,,,,16384,128,8,8,131072,1,3072,512,True,FLASH_ATTENTION
0.11964800208806992,0.1544640064239502,0.13225920274853706,0.12777600437402725,0.01073693815192163,,,,,,16384,128,8,8,131072,1,3072,1024,True,FLASH_ATTENTION
0.1475519984960556,0.2364480048418045,0.15794880092144012,0.14827200025320053,0.026308763583339875,,,,,,16384,128,8,8,131072,1,3072,2048,True,FLASH_ATTENTION
0.2831999957561493,0.37007999420166016,0.29298239946365356,0.2847519963979721,0.025711428077288073,,,,,,16384,128,8,8,131072,1,3072,4096,True,FLASH_ATTENTION
0.5527999997138977,0.6604160070419312,0.5653792023658752,0.5549440085887909,0.03172087228899727,,,,,,16384,128,8,8,131072,1,3072,8192,True,FLASH_ATTENTION
1.0928319692611694,1.2056959867477417,1.1053408145904542,1.0935680270195007,0.03347753201208077,,,,,,16384,128,8,8,131072,1,3072,16384,True,FLASH_ATTENTION
2.1758720874786377,2.3303680419921875,2.1933568000793455,2.1777279376983643,0.04571432772656788,,,,,,16384,128,8,8,131072,1,3072,32768,True,FLASH_ATTENTION
3.1950719356536865,3.371040105819702,3.214982438087463,3.1977120637893677,0.05203656101478144,,,,,,16384,128,8,8,131072,1,3072,48000,True,FLASH_ATTENTION
4.3717122077941895,4.547840118408203,4.392127990722656,4.375056028366089,0.05192182145289165,,,,,,16384,128,8,8,131072,1,3072,65536,True,FLASH_ATTENTION
5.33673620223999,5.542816162109375,5.360940933227539,5.3409600257873535,0.06068057751779301,,,,,,16384,128,8,8,131072,1,3072,80000,True,FLASH_ATTENTION
6.39683198928833,6.627840042114258,6.423814392089843,6.400831937789917,0.06806858881455773,,,,,,16384,128,8,8,131072,1,3072,96000,True,FLASH_ATTENTION
6.659999847412109,6.8664960861206055,6.686412715911866,6.666831970214844,0.060091661517614664,,,,,,16384,128,8,8,131072,1,3072,100000,True,FLASH_ATTENTION
0.1138560026884079,0.13078400492668152,0.11766720041632653,0.11524799838662148,0.004987289757304045,,,,,,16384,128,8,8,131072,1,6144,256,True,FLASH_ATTENTION
0.1210239976644516,0.15465599298477173,0.13267519921064377,0.12544000148773193,0.01272778292778811,,,,,,16384,128,8,8,131072,1,6144,512,True,FLASH_ATTENTION
0.14812800288200378,0.23052799701690674,0.1567424014210701,0.1486399993300438,0.024597001201300026,,,,,,16384,128,8,8,131072,1,6144,1024,True,FLASH_ATTENTION
0.27811199426651,0.3678399920463562,0.28802880048751833,0.27932800352573395,0.026612939040539345,,,,,,16384,128,8,8,131072,1,6144,2048,True,FLASH_ATTENTION
0.5363199710845947,0.6301760077476501,0.5466624021530151,0.5367520153522491,0.02786958752698859,,,,,,16384,128,8,8,131072,1,6144,4096,True,FLASH_ATTENTION
1.0547840595245361,1.1648000478744507,1.0663552165031434,1.055184006690979,0.03282099613439196,,,,,,16384,128,8,8,131072,1,6144,8192,True,FLASH_ATTENTION
2.0834879875183105,2.223423957824707,2.0992479801177977,2.084432005882263,0.04145472241743163,,,,,,16384,128,8,8,131072,1,6144,16384,True,FLASH_ATTENTION
4.146815776824951,4.325344085693359,4.1778175830841064,4.159775972366333,0.05114485913624893,,,,,,16384,128,8,8,131072,1,6144,32768,True,FLASH_ATTENTION
6.1757121086120605,6.399392127990723,6.200041675567627,6.178368091583252,0.06646883949913543,,,,,,16384,128,8,8,131072,1,6144,48000,True,FLASH_ATTENTION
8.333791732788086,8.668319702148438,8.411980724334716,8.410143852233887,0.0917125031426112,,,,,,16384,128,8,8,131072,1,6144,65536,True,FLASH_ATTENTION
10.614272117614746,10.900544166564941,10.648598384857177,10.619184017181396,0.08421745630780415,,,,,,16384,128,8,8,131072,1,6144,80000,True,FLASH_ATTENTION
12.514559745788574,13.018239974975586,12.652095985412597,12.620719909667969,0.12851202249683558,,,,,,16384,128,8,8,131072,1,6144,96000,True,FLASH_ATTENTION
13.055808067321777,13.372447967529297,13.110739135742188,13.063407897949219,0.09468969137146589,,,,,,16384,128,8,8,131072,1,6144,100000,True,FLASH_ATTENTION
0.1207680031657219,0.17395199835300446,0.13540799990296365,0.13150399923324585,0.015191078462498137,,,,,,16384,128,8,8,131072,1,12288,256,True,FLASH_ATTENTION
0.16096000373363495,0.24137599766254425,0.1694432020187378,0.16131200641393661,0.02398149733277248,,,,,,16384,128,8,8,131072,1,12288,512,True,FLASH_ATTENTION
0.2943040132522583,0.38153600692749023,0.30391360223293307,0.29526400566101074,0.025880378382882926,,,,,,16384,128,8,8,131072,1,12288,1024,True,FLASH_ATTENTION
0.5491200089454651,0.6417279839515686,0.5594016015529633,0.5502080023288727,0.027456785126495898,,,,,,16384,128,8,8,131072,1,12288,2048,True,FLASH_ATTENTION
1.0637439489364624,1.1707199811935425,1.07914879322052,1.0712639689445496,0.030768286377593785,,,,,,16384,128,8,8,131072,1,12288,4096,True,FLASH_ATTENTION
2.09500789642334,2.239232063293457,2.110892820358276,2.0967040061950684,0.042799785717144254,,,,,,16384,128,8,8,131072,1,12288,8192,True,FLASH_ATTENTION
4.163487911224365,4.37721586227417,4.190659141540527,4.164831876754761,0.06330292501839228,,,,,,16384,128,8,8,131072,1,12288,16384,True,FLASH_ATTENTION
8.369759559631348,8.614336013793945,8.512777423858642,8.511727809906006,0.07247526710199698,,,,,,16384,128,8,8,131072,1,12288,32768,True,FLASH_ATTENTION
12.263392448425293,12.650688171386719,12.467555236816406,12.512959957122803,0.13141941824710626,,,,,,16384,128,8,8,131072,1,12288,48000,True,FLASH_ATTENTION
17.141311645507812,17.512672424316406,17.268566513061522,17.21875286102295,0.1309284775389132,,,,,,16384,128,8,8,131072,1,12288,65536,True,FLASH_ATTENTION
20.489248275756836,21.341535568237305,20.917901229858398,20.921408653259277,0.19137190190297176,,,,,,16384,128,8,8,131072,1,12288,80000,True,FLASH_ATTENTION
24.48918342590332,25.423168182373047,24.868460655212402,24.9061279296875,0.2740090279545582,,,,,,16384,128,8,8,131072,1,12288,96000,True,FLASH_ATTENTION
26.15999984741211,26.56675148010254,26.206070327758788,26.164223670959473,0.12033716771331142,,,,,,16384,128,8,8,131072,1,12288,100000,True,FLASH_ATTENTION
0.17849600315093994,0.2903040051460266,0.19043200016021727,0.17919999361038208,0.033295785564812004,,,,,,16384,128,8,8,131072,1,24576,256,True,FLASH_ATTENTION
0.3111039996147156,0.40889599919319153,0.32137280106544497,0.3115839958190918,0.029179937533387525,,,,,,16384,128,8,8,131072,1,24576,512,True,FLASH_ATTENTION
0.5720639824867249,0.6770240068435669,0.5852191984653473,0.5753760039806366,0.03069598437455713,,,,,,16384,128,8,8,131072,1,24576,1024,True,FLASH_ATTENTION
1.0997439622879028,1.2108800411224365,1.1113952040672301,1.1002880334854126,0.03316572224205751,,,,,,16384,128,8,8,131072,1,24576,2048,True,FLASH_ATTENTION
2.157439947128296,2.286815881729126,2.181001591682434,2.1744799613952637,0.03607391236625647,,,,,,16384,128,8,8,131072,1,24576,4096,True,FLASH_ATTENTION
4.268991947174072,4.43123197555542,4.309936046600342,4.304160118103027,0.04316971107443523,,,,,,16384,128,8,8,131072,1,24576,8192,True,FLASH_ATTENTION
8.562751770019531,8.809344291687012,8.590351867675782,8.565295696258545,0.07306774584166541,,,,,,16384,128,8,8,131072,1,24576,16384,True,FLASH_ATTENTION
16.935808181762695,17.30847930908203,16.97566738128662,16.93932819366455,0.11096745419248433,,,,,,16384,128,8,8,131072,1,24576,32768,True,FLASH_ATTENTION
24.868671417236328,25.233535766601562,25.014975929260252,25.003040313720703,0.08563381102543846,,,,,,16384,128,8,8,131072,1,24576,48000,True,FLASH_ATTENTION
33.9508171081543,34.65903854370117,34.198761749267575,34.13335990905762,0.2133680325772053,,,,,,16384,128,8,8,131072,1,24576,65536,True,FLASH_ATTENTION
41.59120178222656,42.02169418334961,41.69699554443359,41.673152923583984,0.11172532740557317,,,,,,16384,128,8,8,131072,1,24576,80000,True,FLASH_ATTENTION
49.684608459472656,50.09097671508789,49.9084285736084,49.93843078613281,0.1265963162851124,,,,,,16384,128,8,8,131072,1,24576,96000,True,FLASH_ATTENTION
51.936126708984375,52.489471435546875,52.15799331665039,52.12775993347168,0.1385849850686482,,,,,,16384,128,8,8,131072,1,24576,100000,True,FLASH_ATTENTION
